Caption,Description,Identifying Number,Install Date,Install Location,Install State,Name,Package Cache,SKU Number,Vendor,Version
visionapp Remote Desktop,visionapp Remote Desktop,{DEC61338-62B5-454A-AAB2-71D612277798},,,5,visionapp Remote Desktop,C:\Windows\Installer\17cdec.msi,,visionapp,1.5.0
Microsoft Office Enterprise 2007,Microsoft Office Enterprise 2007,{90120000-0030-0000-0000-0000000FF1CE},,C:\Program Files\Microsoft Office\,5,Microsoft Office Enterprise 2007,C:\Windows\Installer\166fe.msi,,Microsoft Corporation,12.0.6425.1000
Microsoft Office Visual Web Developer 2007,Microsoft Office Visual Web Developer 2007,{90120000-0021-0000-0000-0000000FF1CE},,C:\Program Files\Microsoft Office\,5,Microsoft Office Visual Web Developer 2007,C:\Windows\Installer\a231c.msi,,Microsoft Corporation,12.0.4518.1066
Microsoft Office Visual Web Developer MUI (English) 2007,Microsoft Office Visual Web Developer MUI (English) 2007,{90120000-0021-0409-0000-0000000FF1CE},,C:\Program Files\Microsoft Office\,5,Microsoft Office Visual Web Developer MUI (English) 2007,C:\Windows\Installer\a2315.msi,,Microsoft Corporation,12.0.6425.1000
Microsoft Office Visio Professional 2007,Microsoft Office Visio Professional 2007,{90120000-0051-0000-0000-0000000FF1CE},,C:\Program Files\Microsoft Office\,5,Microsoft Office Visio Professional 2007,C:\Windows\Installer\ec1953.msi,,Microsoft Corporation,12.0.6425.1000
Microsoft Office OneNote MUI (English) 2007,Microsoft Office OneNote MUI (English) 2007,{90120000-00A1-0409-0000-0000000FF1CE},,C:\Program Files\Microsoft Office\,5,Microsoft Office OneNote MUI (English) 2007,C:\Windows\Installer\166f6.msi,,Microsoft Corporation,12.0.6425.1000
Microsoft Save as PDF or XPS Add-in for 2007 Microsoft Office programs,Microsoft Save as PDF or XPS Add-in for 2007 Microsoft Office programs,{90120000-00B2-0409-0000-0000000FF1CE},,,5,Microsoft Save as PDF or XPS Add-in for 2007 Microsoft Office programs,C:\Windows\Installer\16748.msi,,Microsoft Corporation,12.0.4518.1014
Microsoft Office Groove Setup Metadata MUI (English) 2007,Microsoft Office Groove Setup Metadata MUI (English) 2007,{90120000-0114-0409-0000-0000000FF1CE},,C:\Program Files\Microsoft Office\,5,Microsoft Office Groove Setup Metadata MUI (English) 2007,C:\Windows\Installer\166c2.msi,,Microsoft Corporation,12.0.6425.1000
Microsoft Office InfoPath MUI (English) 2007,Microsoft Office InfoPath MUI (English) 2007,{90120000-0044-0409-0000-0000000FF1CE},,C:\Program Files\Microsoft Office\,5,Microsoft Office InfoPath MUI (English) 2007,C:\Windows\Installer\166c7.msi,,Microsoft Corporation,12.0.6425.1000
Microsoft Office Visio MUI (English) 2007,Microsoft Office Visio MUI (English) 2007,{90120000-0054-0409-0000-0000000FF1CE},,C:\Program Files\Microsoft Office\,5,Microsoft Office Visio MUI (English) 2007,C:\Windows\Installer\ec1916.msi,,Microsoft Corporation,12.0.6425.1000
Microsoft Office 2003 Web Components,Microsoft Office 2003 Web Components,{90120000-00A4-0409-0000-0000000FF1CE},,,5,Microsoft Office 2003 Web Components,C:\Windows\Installer\e17f37.msi,,Microsoft Corporation,12.0.6213.1000
Microsoft Office Project MUI (English) 2007,Microsoft Office Project MUI (English) 2007,{90120000-00B4-0409-0000-0000000FF1CE},,C:\Program Files\Microsoft Office\,5,Microsoft Office Project MUI (English) 2007,C:\Windows\Installer\1354614.msi,,Microsoft Corporation,12.0.4518.1014
Microsoft Office Access MUI (English) 2007,Microsoft Office Access MUI (English) 2007,{90120000-0015-0409-0000-0000000FF1CE},,C:\Program Files\Microsoft Office\,5,Microsoft Office Access MUI (English) 2007,C:\Windows\Installer\166ec.msi,,Microsoft Corporation,12.0.6425.1000
Microsoft Office Shared Setup Metadata MUI (English) 2007,Microsoft Office Shared Setup Metadata MUI (English) 2007,{90120000-0115-0409-0000-0000000FF1CE},,C:\Program Files\Microsoft Office\,5,Microsoft Office Shared Setup Metadata MUI (English) 2007,C:\Windows\Installer\166a9.msi,,Microsoft Corporation,12.0.6425.1000
Microsoft Office Excel MUI (English) 2007,Microsoft Office Excel MUI (English) 2007,{90120000-0016-0409-0000-0000000FF1CE},,C:\Program Files\Microsoft Office\,5,Microsoft Office Excel MUI (English) 2007,C:\Windows\Installer\166ae.msi,,Microsoft Corporation,12.0.6425.1000
Microsoft Office Access Setup Metadata MUI (English) 2007,Microsoft Office Access Setup Metadata MUI (English) 2007,{90120000-0117-0409-0000-0000000FF1CE},,C:\Program Files\Microsoft Office\,5,Microsoft Office Access Setup Metadata MUI (English) 2007,C:\Windows\Installer\166f1.msi,,Microsoft Corporation,12.0.6425.1000
Microsoft Office PowerPoint MUI (English) 2007,Microsoft Office PowerPoint MUI (English) 2007,{90120000-0018-0409-0000-0000000FF1CE},,C:\Program Files\Microsoft Office\,5,Microsoft Office PowerPoint MUI (English) 2007,C:\Windows\Installer\166b8.msi,,Microsoft Corporation,12.0.6425.1000
Microsoft Office Publisher MUI (English) 2007,Microsoft Office Publisher MUI (English) 2007,{90120000-0019-0409-0000-0000000FF1CE},,C:\Program Files\Microsoft Office\,5,Microsoft Office Publisher MUI (English) 2007,C:\Windows\Installer\166e2.msi,,Microsoft Corporation,12.0.6425.1000
Microsoft Office Outlook MUI (English) 2007,Microsoft Office Outlook MUI (English) 2007,{90120000-001A-0409-0000-0000000FF1CE},,C:\Program Files\Microsoft Office\,5,Microsoft Office Outlook MUI (English) 2007,C:\Windows\Installer\166b3.msi,,Microsoft Corporation,12.0.6425.1000
Microsoft Office Project Standard 2007,Microsoft Office Project Standard 2007,{90120000-003A-0000-0000-0000000FF1CE},,C:\Program Files\Microsoft Office\,5,Microsoft Office Project Standard 2007,C:\Windows\Installer\135465c.msi,,Microsoft Corporation,12.0.4518.1014
Microsoft Office Groove MUI (English) 2007,Microsoft Office Groove MUI (English) 2007,{90120000-00BA-0409-0000-0000000FF1CE},,C:\Program Files\Microsoft Office\,5,Microsoft Office Groove MUI (English) 2007,C:\Windows\Installer\166bd.msi,,Microsoft Corporation,12.0.6425.1000
Microsoft Office Word MUI (English) 2007,Microsoft Office Word MUI (English) 2007,{90120000-001B-0409-0000-0000000FF1CE},,C:\Program Files\Microsoft Office\,5,Microsoft Office Word MUI (English) 2007,C:\Windows\Installer\166e7.msi,,Microsoft Corporation,12.0.6425.1000
Microsoft Office Proofing (English) 2007,Microsoft Office Proofing (English) 2007,{90120000-002C-0409-0000-0000000FF1CE},,C:\Program Files\Microsoft Office\,5,Microsoft Office Proofing (English) 2007,C:\Windows\Installer\166dd.msi,,Microsoft Corporation,12.0.4518.1014
Microsoft Office Shared MUI (English) 2007,Microsoft Office Shared MUI (English) 2007,{90120000-006E-0409-0000-0000000FF1CE},,C:\Program Files\Microsoft Office\,5,Microsoft Office Shared MUI (English) 2007,C:\Windows\Installer\166a4.msi,,Microsoft Corporation,12.0.6425.1000
Microsoft Office Proof (English) 2007,Microsoft Office Proof (English) 2007,{90120000-001F-0409-0000-0000000FF1CE},,C:\Program Files\Microsoft Office\,5,Microsoft Office Proof (English) 2007,C:\Windows\Installer\166d8.msi,,Microsoft Corporation,12.0.6425.1000
Microsoft Office Proof (Spanish) 2007,Microsoft Office Proof (Spanish) 2007,{90120000-001F-0C0A-0000-0000000FF1CE},,C:\Program Files\Microsoft Office\,5,Microsoft Office Proof (Spanish) 2007,C:\Windows\Installer\166cc.msi,,Microsoft Corporation,12.0.6425.1000
Microsoft Office Proof (French) 2007,Microsoft Office Proof (French) 2007,{90120000-001F-040C-0000-0000000FF1CE},,C:\Program Files\Microsoft Office\,5,Microsoft Office Proof (French) 2007,C:\Windows\Installer\166d2.msi,,Microsoft Corporation,12.0.6425.1000
Microsoft Application Error Reporting,Microsoft Application Error Reporting,{95120000-00B9-0409-0000-0000000FF1CE},,,5,Microsoft Application Error Reporting,C:\Windows\Installer\e17eb9.msi,,Microsoft Corporation,12.0.6012.5000
Visual Studio Tools for the Office system 3.0 Runtime,Visual Studio Tools for the Office system 3.0 Runtime,{8FB53850-246A-3507-8ADE-0060093FFEA6},,,5,Visual Studio Tools for the Office system 3.0 Runtime,C:\Windows\Installer\a2455.msi,,Microsoft Corporation,9.0.30729
Microsoft Sync Framework Runtime v1.0 (x86),Microsoft Sync Framework Runtime v1.0 (x86),{A8BD5A60-E843-46DC-8271-ABF20756BE0F},,,5,Microsoft Sync Framework Runtime v1.0 (x86),C:\Windows\Installer\e17f03.msi,,Microsoft Corporation,1.0.1215.0
Visual C++ 2008 x86 Runtime - (v9.0.30729.4148),Visual C++ 2008 x86 Runtime - (v9.0.30729.4148),{7B33F480-496D-334A-BAC2-205DEC0CBC2D},,,5,Visual C++ 2008 x86 Runtime - (v9.0.30729.4148),c:\Windows\Installer\1f6a572.msi,,Microsoft Corporation,9.0.30729.4148
Microsoft SQL Server 2008 Native Client,Microsoft SQL Server 2008 Native Client,{D9D937B0-E842-4130-9588-B948E876904A},,,5,Microsoft SQL Server 2008 Native Client,C:\Windows\Installer\e17ecd.msi,,Microsoft Corporation,10.0.1600.22
Microsoft SQL Server 2008 Reporting Services,Microsoft SQL Server 2008 Reporting Services,{49E98741-B7A4-4A44-A536-6AFCA23106FE},,,5,Microsoft SQL Server 2008 Reporting Services,C:\Windows\Installer\e17f55.msi,,Microsoft Corporation,10.0.1600.22
WinZip 14.5,WinZip 14.5,{CD95F661-A5C4-44F5-A6AA-ECDD91C240BD},,C:\Program Files\WinZip\,5,WinZip 14.5,C:\Windows\Installer\5a92c1.msi,,WinZip Computing, S.L. ,14.5.9095
Visual C++ 2008 IA64 Runtime - (v9.0.30729),Visual C++ 2008 IA64 Runtime - (v9.0.30729),{22E23C71-C27A-3F30-8849-BB6129E50679},,,5,Visual C++ 2008 IA64 Runtime - (v9.0.30729),c:\Windows\Installer\4978a8.msi,,Microsoft Corporation,9.0.30729
Visual C++ 2008 x64 Runtime - (v9.0.30729),Visual C++ 2008 x64 Runtime - (v9.0.30729),{0DF3AE91-E533-3960-8516-B23737F8B7A2},,,5,Visual C++ 2008 x64 Runtime - (v9.0.30729),c:\Windows\Installer\4978a3.msi,,Microsoft Corporation,9.0.30729
Microsoft Windows SDK for Visual Studio 2008 SP1 Win32 Tools,Microsoft Windows SDK for Visual Studio 2008 SP1 Win32 Tools,{B268E9A1-04A9-40D0-9866-846BE2B74BA7},,,5,Microsoft Windows SDK for Visual Studio 2008 SP1 Win32 Tools,C:\Windows\Installer\a24d7.msi,,Microsoft Corporation,6.1.5294.17011
Configuration Manager Client,Configuration Manager Client,{2609EDF1-34C4-4B03-B634-55F3B3BC4931},,,5,Configuration Manager Client,C:\Windows\Installer\1b221c3.msi,,Microsoft Corporation,4.00.6487.2000
Microsoft SQL Server 2008 Management Objects,Microsoft SQL Server 2008 Management Objects,{F5E87B12-3C27-452F-8E78-21D42164FD83},,,5,Microsoft SQL Server 2008 Management Objects,C:\Windows\Installer\497f40.msi,,Microsoft Corporation,10.0.1600.22
Microsoft Device Emulator version 3.0 - ENU,Microsoft Device Emulator version 3.0 - ENU,{B32E7732-B2FB-3FD0-81AC-6025B1104C66},,C:\Program Files\Microsoft Device Emulator\1.0\,5,Microsoft Device Emulator version 3.0 - ENU,C:\Windows\Installer\a2476.msi,,Microsoft Corporation,9.0.21022
Microsoft SQL Server 2008 Reporting Services,Microsoft SQL Server 2008 Reporting Services,{23F70562-02F4-4805-ACF5-6E52BAD167C2},,,5,Microsoft SQL Server 2008 Reporting Services,C:\Windows\Installer\e17f50.msi,,Microsoft Corporation,10.0.1600.22
Microsoft SQL Server 2008 Full text search,Microsoft SQL Server 2008 Full text search,{06A7EA72-0F00-4D53-A81C-A5D925711141},,,5,Microsoft SQL Server 2008 Full text search,C:\Windows\Installer\e17f22.msi,,Microsoft Corporation,10.0.1600.22
Microsoft Sync Services for ADO.NET v2.0 (x86),Microsoft Sync Services for ADO.NET v2.0 (x86),{C89B00A2-B72A-4935-96FC-38796E9554EC},,,5,Microsoft Sync Services for ADO.NET v2.0 (x86),C:\Windows\Installer\e17f5f.msi,,Microsoft Corporation,2.0.1215.0
Microsoft SQL Server 2008 BI Development Studio,Microsoft SQL Server 2008 BI Development Studio,{275ABBA2-4817-4443-9AB8-ED43CA9AAA17},,,5,Microsoft SQL Server 2008 BI Development Studio,C:\Windows\Installer\e1812f.msi,,Microsoft Corporation,10.0.1600.22
Microsoft Network Monitor: NetworkMonitor Parsers 3.4,Microsoft Network Monitor: NetworkMonitor Parsers 3.4,{5A1A9AB2-2F68-462D-A67D-7C855DFF5EEB},,,5,Microsoft Network Monitor: NetworkMonitor Parsers 3.4,C:\Windows\Installer\481b2.msi,,Microsoft Corporation,3.4.2350.0
VMware Workstation,VMware Workstation,{A3FF5CB2-FB35-4658-8751-9EDE1D65B3AA},,C:\Program Files\VMware\VMware Workstation\,5,VMware Workstation,C:\Windows\Installer\73c6cd.msi,,VMware, Inc.,7.0.0.9911
Microsoft SQL Server 2008 Common Files,Microsoft SQL Server 2008 Common Files,{4A6F34E2-09E5-4616-B227-4A26A488A6F9},,,5,Microsoft SQL Server 2008 Common Files,C:\Windows\Installer\e17ec3.msi,,Microsoft Corporation,10.0.1600.22
Microsoft SQL Server Compact 3.5 SP1 Query Tools English,Microsoft SQL Server Compact 3.5 SP1 Query Tools English,{64CDE8F2-3791-46F5-BAD2-72FFF5252FAB},,,5,Microsoft SQL Server Compact 3.5 SP1 Query Tools English,C:\Windows\Installer\e17edc.msi,,Microsoft Corporation,3.5.5692.0
OGA Notifier 2.0.0048.0,OGA Notifier 2.0.0048.0,{B2544A03-10D0-4E5E-BA69-0362FFC20D18},,,5,OGA Notifier 2.0.0048.0,C:\Windows\Installer\47e76.msi,,Microsoft Corporation,2.0.0048.0
Crystal Reports,Crystal Reports,{7699B723-9718-41DE-8C18-549F341C02CE},,,5,Crystal Reports,C:\Windows\Installer\1ae1aec.msi,,Seagate Software, Inc.,8.5.0.2175
Windows Mobile 5.0 SDK R2 for Pocket PC,Windows Mobile 5.0 SDK R2 for Pocket PC,{6C9F6D23-E9AD-43C9-B43A-011562AAF876},,,5,Windows Mobile 5.0 SDK R2 for Pocket PC,C:\Windows\Installer\a246c.msi,,Microsoft Corporation,5.00.1700.5.14343.06
Microsoft SQL Server 2008 Database Engine Services,Microsoft SQL Server 2008 Database Engine Services,{B5153233-9AEE-4CD4-9D2C-4FAAC870DBE2},,,5,Microsoft SQL Server 2008 Database Engine Services,C:\Windows\Installer\e17f18.msi,,Microsoft Corporation,10.0.1600.22
Microsoft SQL Server Compact 3.5 SP1 Design Tools English,Microsoft SQL Server Compact 3.5 SP1 Design Tools English,{0C19D563-5F25-4621-BF10-01F741BD283F},,,5,Microsoft SQL Server Compact 3.5 SP1 Design Tools English,C:\Windows\Installer\497f7c.msi,,Microsoft Corporation,3.5.5692.0
Microsoft SQL Server 2008 Books Online (English),Microsoft SQL Server 2008 Books Online (English),{3431A7A3-6287-46B0-8AF1-BE2452A1FE62},,,5,Microsoft SQL Server 2008 Books Online (English),C:\Windows\Installer\e17ef9.msi,,Microsoft Corporation,10.0.1600.22
Microsoft SQL Server 2008 Database Engine Services,Microsoft SQL Server 2008 Database Engine Services,{58721EC3-8D4E-4B79-BC51-1054E2DDCD10},,,5,Microsoft SQL Server 2008 Database Engine Services,C:\Windows\Installer\e17f1d.msi,,Microsoft Corporation,10.0.1600.22
Acrobat.com,Acrobat.com,{77DCDCE3-2DED-62F3-8154-05E745472D07},,,5,Acrobat.com,C:\Windows\Installer\16687.msi,,Adobe Systems Incorporated,0.0.0
Microsoft SQL Server 2008 Management Studio,Microsoft SQL Server 2008 Management Studio,{FA9C3624-C693-4423-8A8B-2BC2B9F607AB},,,5,Microsoft SQL Server 2008 Management Studio,C:\Windows\Installer\e1805c.msi,,Microsoft Corporation,10.0.1600.22
Microsoft Visual Studio 2008 Professional Edition - ENU,Microsoft Visual Studio 2008 Professional Edition - ENU,{D7DAD1E4-45F4-3B2B-899A-EA728167EC4F},,,5,Microsoft Visual Studio 2008 Professional Edition - ENU,C:\Windows\Installer\a243b.msi,,Microsoft Corporation,9.0.30729
Java 2 SDK, SE v1.4.2_13,Java 2 SDK, SE v1.4.2_13,{35A3A4F4-B792-11D6-A78A-00B0D0142130},,,5,Java 2 SDK, SE v1.4.2_13,C:\Windows\Installer\5db224.msi,,Sun Microsystems, Inc.,1.4.2_13
Microsoft .NET Framework 4 Client Profile,Microsoft .NET Framework 4 Client Profile,{3C3901C5-3455-3E0A-A214-0B093A5070A6},,,5,Microsoft .NET Framework 4 Client Profile,C:\Windows\Installer\127a27f.msi,,Microsoft Corporation,4.0.30319
Microsoft SQL Server 2008 Common Files,Microsoft SQL Server 2008 Common Files,{196E77C5-F524-4B50-BD1A-2C21EEE9B8F7},,,5,Microsoft SQL Server 2008 Common Files,C:\Windows\Installer\e17ec8.msi,,Microsoft Corporation,10.0.1600.22
VERITAS Enterprise Vault User Extensions 6.0,VERITAS Enterprise Vault User Extensions 6.0,{F4120546-F24C-47C1-A8C3-5FC9A02C56E9},,,5,VERITAS Enterprise Vault User Extensions 6.0,C:\Windows\Installer\1669f.msi,,VERITAS Software Corporation,6.0
Windows Automated Installation Kit,Windows Automated Installation Kit,{31E8F586-4EF7-4500-844D-BA8756474FF1},,,5,Windows Automated Installation Kit,C:\Windows\Installer\f90018.msi,,Microsoft Corporation,2.0.0.0
,,{AC76BA86-1033-0000-7760-100000000004},,,1,,,,,
Adobe Acrobat 9 Pro Extended - English, Français, Deutsch,Adobe Acrobat 9 Pro Extended - English, Français, Deutsch,{AC76BA86-1033-F400-7761-000000000004},,C:\Program Files\Adobe\Acrobat 9.0\,5,Adobe Acrobat 9 Pro Extended - English, Français, Deutsch,C:\Windows\Installer\26232.msi,,Adobe Systems,9.0.0
Adobe Reader 9,Adobe Reader 9,{AC76BA86-7AD7-1033-7B44-A90000000001},,C:\Program Files\Adobe\Reader 9.0\Reader\,5,Adobe Reader 9,C:\Windows\Installer\1667d.msi,,Adobe Systems Incorporated,9.0.0
Microsoft SQL Server 2008 Setup Support Files (English),Microsoft SQL Server 2008 Setup Support Files (English),{9D6D76A6-4328-49E8-97A7-531A74841DA5},,,5,Microsoft SQL Server 2008 Setup Support Files (English),C:\Windows\Installer\e17ebe.msi,,Microsoft Corporation,10.0.1600.22
Microsoft SQL Server 2008 Database Engine Shared,Microsoft SQL Server 2008 Database Engine Shared,{F3494AB6-6900-41C6-AF57-823626827ED8},,,5,Microsoft SQL Server 2008 Database Engine Shared,C:\Windows\Installer\e17ed2.msi,,Microsoft Corporation,10.0.1600.22
Microsoft Windows SDK for Visual Studio 2008 SDK Reference Assemblies and IntelliSense,Microsoft Windows SDK for Visual Studio 2008 SDK Reference Assemblies and IntelliSense,{64c5b887-b5ee-42b8-8596-78905a6b5f1f},,,5,Microsoft Windows SDK for Visual Studio 2008 SDK Reference Assemblies and IntelliSense,C:\Windows\Installer\a24e2.msi,,Microsoft Corporation,6.1.5288.17011
tools-winPre2k,tools-winPre2k,{AE0F62A7-A1A2-407F-9F4C-48939BD9AD8D},,,5,tools-winPre2k,C:\Windows\Installer\73c6eb.msi,,VMware, Inc.,8.1.3.9911
tools-netware,tools-netware,{197597A7-AD33-4898-9D8E-73066818B464},,,5,tools-netware,C:\Windows\Installer\73c6dc.msi,,VMware, Inc.,8.1.3.9911
SQL Server System CLR Types,SQL Server System CLR Types,{342D4AD7-EC4C-4EC8-AEA6-E70F5905A490},,,5,SQL Server System CLR Types,C:\Windows\Installer\e17f28.msi,,Microsoft Corporation,10.0.1600.22
Microsoft SQL Server 2005 Express Edition (SQLEXPRESS),Microsoft SQL Server 2005 Express Edition (SQLEXPRESS),{2AFFFDD7-ED85-4A90-8C52-5DA9EBDC9B8F},,c:\Program Files\Microsoft SQL Server\,5,Microsoft SQL Server 2005 Express Edition (SQLEXPRESS),c:\Windows\Installer\1f6a381.msi,,Microsoft Corporation,9.3.4035.00
Microsoft SQL Server Compact 3.5 for Devices ENU,Microsoft SQL Server Compact 3.5 for Devices ENU,{241F2BF7-69EB-42A4-9156-96B2426C7504},,C:\Program Files\Microsoft SQL Server Compact Edition\v3.5\,5,Microsoft SQL Server Compact 3.5 for Devices ENU,C:\Windows\Installer\a2467.msi,,Microsoft Corporation,3.5.5386.0
Microsoft SQL Server 2008 RsFx Driver,Microsoft SQL Server 2008 RsFx Driver,{F1DC7648-8623-442F-92B7-E118DF61872E},,,5,Microsoft SQL Server 2008 RsFx Driver,C:\Windows\Installer\e17f13.msi,,Microsoft Corporation,10.0.1600.22
Adobe AIR,Adobe AIR,{00203668-8170-44A0-BE44-B632FA4D780F},,,5,Adobe AIR,C:\Windows\Installer\16682.msi,,Adobe Systems Inc.,1.0.8.4990
Microsoft SQL Server VSS Writer,Microsoft SQL Server VSS Writer,{B857D868-F8B0-43EE-BC2B-D9E5ED21F237},,,5,Microsoft SQL Server VSS Writer,C:\Windows\Installer\e17ee2.msi,,Microsoft Corporation,10.0.1600.22
Microsoft Office Live Meeting 2007,Microsoft Office Live Meeting 2007,{2515BF88-E42E-4AFA-A8E7-DF272762589B},,C:\Program Files\Microsoft Office\Live Meeting 8\Console\,5,Microsoft Office Live Meeting 2007,C:\Windows\Installer\16750.msi,,Microsoft Corporation,8.0.6362.128
Java 2 Runtime Environment, SE v1.4.2_13,Java 2 Runtime Environment, SE v1.4.2_13,{7148F0A8-6813-11D6-A77B-00B0D0142130},,,5,Java 2 Runtime Environment, SE v1.4.2_13,C:\Windows\Installer\5db229.msi,,Sun Microsystems, Inc.,1.4.2_13
Microsoft Windows SDK for Visual Studio 2008 .NET Framework Tools - enu,Microsoft Windows SDK for Visual Studio 2008 .NET Framework Tools - enu,{05EC21B8-4593-3037-A781-A6B5AFFCB19D},,,5,Microsoft Windows SDK for Visual Studio 2008 .NET Framework Tools - enu,C:\Windows\Installer\a24dd.msi,,Microsoft Corporation,3.5.21022
Greentrac DMA,Greentrac DMA,{A6B81FE8-2D34-4F95-8B75-66A24C7F2143},,C:\Program Files\Event Zero\Greentrac DMA\,5,Greentrac DMA,C:\Windows\Installer\1527845.msi,,Event Zero,3.0.428.0
Microsoft Visual Studio 2005 Tools for Office Runtime,Microsoft Visual Studio 2005 Tools for Office Runtime,{388E4B09-3E71-4649-8921-F44A3A2954A7},,,5,Microsoft Visual Studio 2005 Tools for Office Runtime,c:\Windows\Installer\a245a.msi,,Microsoft Corporation,8.0.60940.0
Crystal Reports Basic for Visual Studio 2008,Crystal Reports Basic for Visual Studio 2008,{AA467959-A1D6-4F45-90CD-11DC57733F32},,,5,Crystal Reports Basic for Visual Studio 2008,C:\Windows\Installer\a24c8.msi,,Business Objects,10.5.0.0
Microsoft SQL Server 2005 Tools Express Edition,Microsoft SQL Server 2005 Tools Express Edition,{2750B389-A2D2-4953-99CA-27C1F2A8E6FD},,c:\Program Files\Microsoft SQL Server\,5,Microsoft SQL Server 2005 Tools Express Edition,c:\Windows\Installer\1f6a419.msi,,Microsoft Corporation,9.3.4035.00
Microsoft SQL Server 2008 Database Engine Shared,Microsoft SQL Server 2008 Database Engine Shared,{4815BD99-96A4-49FE-A885-DCF06E9E4E78},,,5,Microsoft SQL Server 2008 Database Engine Shared,C:\Windows\Installer\e17ed7.msi,,Microsoft Corporation,10.0.1600.22
Microsoft Conferencing Add-in for Microsoft Office Outlook,Microsoft Conferencing Add-in for Microsoft Office Outlook,{9FEAC0B9-289F-4BB8-A5FA-7A5D20D794C7},,,5,Microsoft Conferencing Add-in for Microsoft Office Outlook,C:\Windows\Installer\16759.msi,,Microsoft Corporation,8.0.6362.114
Microsoft .NET Compact Framework 2.0 SP2,Microsoft .NET Compact Framework 2.0 SP2,{EDDF99D9-9FE3-4871-A7DB-D1522C51EE9A},,,5,Microsoft .NET Compact Framework 2.0 SP2,C:\Windows\Installer\a2442.msi,,Microsoft Corporation,2.0.7045
tools-linux,tools-linux,{D102611A-6466-4101-A51D-51069303AC65},,,5,tools-linux,C:\Windows\Installer\73c6d7.msi,,VMware, Inc.,8.1.3.9911
Microsoft Network Monitor 3.4,Microsoft Network Monitor 3.4,{A2F2C44A-869E-4C32-9CEC-E22B1CC91F06},,,5,Microsoft Network Monitor 3.4,C:\Windows\Installer\47ec2.msi,,Microsoft Corporation,3.4.2350.0
VC Runtimes MSI,VC Runtimes MSI,{FF29527A-44CD-3422-945E-981A13584000},,,5,VC Runtimes MSI,C:\Windows\Installer\a22ef.msi,,Microsoft,9.0.21022
Microsoft .NET Compact Framework 3.5,Microsoft .NET Compact Framework 3.5,{291B3A3B-F808-45B8-8113-DF232FCB6C82},,,5,Microsoft .NET Compact Framework 3.5,C:\Windows\Installer\a2447.msi,,Microsoft Corporation,3.5.7283
WIMGAPI,WIMGAPI,{721ABC3B-5F12-4332-9C0C-C11424EF666C},,,5,WIMGAPI,C:\Windows\Installer\16673.msi,,Microsoft Corporation,1.0.0.0
Microsoft SQL Server 2008 Management Studio,Microsoft SQL Server 2008 Management Studio,{2020045B-8DCF-4449-8D5C-EB5BA37440F1},,,5,Microsoft SQL Server 2008 Management Studio,C:\Windows\Installer\e18030.msi,,Microsoft Corporation,10.0.1600.22
Realtek WLAN Driver,Realtek WLAN Driver,{0FB630AB-7BD8-40AE-B223-60397D57C3C9},,C:\Program Files\Realtek WLAN Driver\,5,Realtek WLAN Driver,C:\Windows\Installer\5788d.msi,,Realtek,2.00.0009
Citrix Presentation Server Client,Citrix Presentation Server Client,{B2AE44CB-2AAB-4C08-A54B-D264BD604DA8},,C:\Program Files\Citrix\ICA Client\,5,Citrix Presentation Server Client,C:\Windows\Installer\1668f.msi,,Citrix Systems, Inc.,10.00.52110
tools-solaris,tools-solaris,{AB1C87CB-1807-4CF0-B4C2-CEE14C18CDB4},,,5,tools-solaris,C:\Windows\Installer\73c6e1.msi,,VMware, Inc.,8.1.3.9911
Microsoft SQL Server Compact 3.5 SP1 English,Microsoft SQL Server Compact 3.5 SP1 English,{E59113EB-0285-4BFD-A37A-B79EAC6B8F4B},,C:\Program Files\Microsoft SQL Server Compact Edition\,5,Microsoft SQL Server Compact 3.5 SP1 English,C:\Windows\Installer\e17f5a.msi,,Microsoft Corporation,3.5.5692.0
Bluetooth Stack for Windows by Toshiba,Bluetooth Stack for Windows by Toshiba,{CEBB6BFB-D708-4F99-A633-BC2600E01EF6},,C:\Program Files\Toshiba\Bluetooth Toshiba Stack\,5,Bluetooth Stack for Windows by Toshiba,C:\Windows\Installer\57892.msi,,TOSHIBA CORPORATION,7.10.10
Microsoft Document Explorer 2008,Microsoft Document Explorer 2008,{6753B40C-0FBD-3BED-8A9D-0ACAC2DCD85D},,,5,Microsoft Document Explorer 2008,C:\Windows\Installer\a230a.msi,,Microsoft Corporation,9.0.21022
Sql Server Customer Experience Improvement Program,Sql Server Customer Experience Improvement Program,{C965F01C-76EA-4BD7-973E-46236AE312D7},,,5,Sql Server Customer Experience Improvement Program,C:\Windows\Installer\e17f0e.msi,,Microsoft Corporation,10.0.1600.22
Microsoft SQL Server 2008 Integration Services,Microsoft SQL Server 2008 Integration Services,{40F34A1C-65A2-4163-98CE-A0D0646CABEF},,,5,Microsoft SQL Server 2008 Integration Services,C:\Windows\Installer\e17fc2.msi,,Microsoft Corporation,10.0.1600.22
Microsoft Visual Studio Tools for Applications 2.0 - ENU,Microsoft Visual Studio Tools for Applications 2.0 - ENU,{AA4A4B2C-0465-3CF8-BA76-27A027D8ACAB},,,5,Microsoft Visual Studio Tools for Applications 2.0 - ENU,C:\Windows\Installer\e17f8e.msi,,Microsoft Corporation,9.0.30729
tools-windows,tools-windows,{FFD9383C-01D5-4897-A954-43AF599AED30},,,5,tools-windows,C:\Windows\Installer\73c6e6.msi,,VMware, Inc.,8.1.3.9911
Microsoft Windows SDK for Visual Studio 2008 Headers and Libraries,Microsoft Windows SDK for Visual Studio 2008 Headers and Libraries,{842FAF7C-50EF-4463-9B8F-6222E1384D7D},,,5,Microsoft Windows SDK for Visual Studio 2008 Headers and Libraries,C:\Windows\Installer\a24d2.msi,,Microsoft Corporation,6.1.5288.17011
Windows Mobile 5.0 SDK R2 for Smartphone,Windows Mobile 5.0 SDK R2 for Smartphone,{9656F3AC-6BA9-43F0-ABED-F214B5DAB27B},,,5,Windows Mobile 5.0 SDK R2 for Smartphone,C:\Windows\Installer\a2471.msi,,Microsoft Corporation,5.00.1700.5.14343.06
Microsoft SQL Server 2008 Analysis Services,Microsoft SQL Server 2008 Analysis Services,{DAA8590D-D93E-4697-9CBE-D96A7590A8E3},,,5,Microsoft SQL Server 2008 Analysis Services,C:\Windows\Installer\e17f3e.msi,,Microsoft Corporation,10.0.1600.22
Visual C++ 2008 x86 Runtime - (v9.0.30729),Visual C++ 2008 x86 Runtime - (v9.0.30729),{F333A33D-125C-32A2-8DCE-5C5D14231E27},,,5,Visual C++ 2008 x86 Runtime - (v9.0.30729),c:\Windows\Installer\49789e.msi,,Microsoft Corporation,9.0.30729
Microsoft SQL Server Database Publishing Wizard 1.3,Microsoft SQL Server Database Publishing Wizard 1.3,{9A33B83D-FFC4-44CF-BEEF-632DECEF2FCD},,,5,Microsoft SQL Server Database Publishing Wizard 1.3,c:\Windows\Installer\497f54.msi,,Microsoft Corporation,10.0.1600.22
Microsoft SQL Server Native Client,Microsoft SQL Server Native Client,{BD68F46D-8A82-4664-8E68-F87C55BDEFD4},,c:\Program Files\Microsoft SQL Server\,5,Microsoft SQL Server Native Client,c:\Windows\Installer\1f6a2aa.msi,,Microsoft Corporation,9.00.4035.00
Microsoft Silverlight,Microsoft Silverlight,{89F4137D-6C26-4A84-BDB8-2E5A4BB71E00},,c:\Program Files\Microsoft Silverlight\,5,Microsoft Silverlight,c:\Windows\Installer\1033dd3.msi,,Microsoft Corporation,4.0.50524.0
32 Bit HP CIO Components Installer,32 Bit HP CIO Components Installer,{0868BB9D-5EA0-40AF-A1CC-A38ED4E5BC67},,,5,32 Bit HP CIO Components Installer,C:\Windows\Installer\788556.msi,,Hewlett-Packard,4.1.1
Microsoft Office Communicator 2007 R2,Microsoft Office Communicator 2007 R2,{E84D1C9D-6669-4156-992B-17557D64F1D3},,C:\Program Files\Microsoft Office Communicator\,5,Microsoft Office Communicator 2007 R2,C:\Windows\Installer\2df3a.msi,,Microsoft Corporation,3.5.6907.196
tools-freebsd,tools-freebsd,{003BFBBD-6C67-419E-A24D-0DCAFC3A5249},,,5,tools-freebsd,C:\Windows\Installer\73c6d2.msi,,VMware, Inc.,8.1.3.9911
Microsoft SQL Server 2008 Browser,Microsoft SQL Server 2008 Browser,{C688457E-03FD-4941-923B-A27F4D42A7DD},,,5,Microsoft SQL Server 2008 Browser,C:\Windows\Installer\e17f09.msi,,Microsoft Corporation,10.0.1600.22
Microsoft SQL Server Setup Support Files (English),Microsoft SQL Server Setup Support Files (English),{53F5C3EE-05ED-4830-994B-50B2F0D50FCE},,c:\Program Files\Microsoft SQL Server\90\Setup Bootstrap\,5,Microsoft SQL Server Setup Support Files (English),c:\Windows\Installer\1f6a391.msi,,Microsoft Corporation,9.00.4035.00
Microsoft SQL Server 2008 Client Tools,Microsoft SQL Server 2008 Client Tools,{60D46DEE-5221-47AA-B978-BA25C5D9F560},,,5,Microsoft SQL Server 2008 Client Tools,C:\Windows\Installer\e18063.msi,,Microsoft Corporation,10.0.1600.22
Microsoft SQL Server 2008 Policies,Microsoft SQL Server 2008 Policies,{01C5A10F-AD9B-405B-853A-6659841A1242},,,5,Microsoft SQL Server 2008 Policies,C:\Windows\Installer\e17efe.msi,,Microsoft Corporation,10.0.1600.22
Microsoft SQL Server 2008 BI Development Studio,Microsoft SQL Server 2008 BI Development Studio,{AC54DC1F-EDA7-448C-BA4C-218A92F5E985},,,5,Microsoft SQL Server 2008 BI Development Studio,C:\Windows\Installer\e18129.msi,,Microsoft Corporation,10.0.1600.22
Microsoft SQL Server 2008 Analysis Services,Microsoft SQL Server 2008 Analysis Services,{6249567F-65C3-4EE7-B023-E4FA035B0520},,,5,Microsoft SQL Server 2008 Analysis Services,C:\Windows\Installer\e17f43.msi,,Microsoft Corporation,10.0.1600.22
Microsoft Windows SDK for Visual Studio 2008 SP1 Tools,Microsoft Windows SDK for Visual Studio 2008 SP1 Tools,{CAA376AF-0DE8-4FCA-942E-C6AC579B94B3},,,5,Microsoft Windows SDK for Visual Studio 2008 SP1 Tools,C:\Windows\Installer\a24cd.msi,,Microsoft Corporation,6.1.5294.17011
Microsoft Visual Studio 2008 Shell (integrated mode) - ENU,Microsoft Visual Studio 2008 Shell (integrated mode) - ENU,{BA0C9AAF-1327-3F06-B49C-349B4BE8F740},,,5,Microsoft Visual Studio 2008 Shell (integrated mode) - ENU,C:\Windows\Installer\e180c4.msi,,Microsoft Corporation,9.0.30729
Microsoft SQL Server 2008 Integration Services,Microsoft SQL Server 2008 Integration Services,{AEB03FAF-90EB-4B4F-BA32-9C4DDE2C9804},,,5,Microsoft SQL Server 2008 Integration Services,C:\Windows\Installer\e17fc7.msi,,Microsoft Corporation,10.0.1600.22
Microsoft SQL Server 2008 Client Tools,Microsoft SQL Server 2008 Client Tools,{4D28EFCF-5999-44D2-8D4E-AC643E76C33F},,,5,Microsoft SQL Server 2008 Client Tools,C:\Windows\Installer\e18055.msi,,Microsoft Corporation,10.0.1600.22
